{
  "VSMO": {
    "name": "ВСМПО-АВИСМА",
    "lot": 1
  },
  "UNAC": {
    "name": "Объединенная авиастроительная корпорация",
    "lot": 1000
  },
  "CNRU": {
    "name": "Циан",
    "lot": 1
  },
  "VKCO": {
    "name": "ВК",
    "lot": 1
  },
  "MGNT": {
    "name": "Магнит",
    "lot": 1
  },
  "KZOSP": {
    "name": "Казаньоргсинтез - акции привилегированные",
    "lot": 10
  },
  "WUSH": {
    "name": "Whoosh",
    "lot": 1
  },
  "UGLD": {
    "name": "Южуралзолото ГК",
    "lot": 1000
  },
  "LNZL": {
    "name": "Лензолото",
    "lot": 1
  },
  "SELG": {
    "name": "Селигдар",
    "lot": 10
  },
  "PRFN": {
    "name": "ЧЗПСН-Профнастил",
    "lot": 100
  },
  "CARM": {
    "name": "КарМани",
    "lot": 100
  },
  "RUAL": {
    "name": "РУСАЛ",
    "lot": 10
  },
  "NKHP": {
    "name": "НКХП",
    "lot": 10
  },
  "ALRS": {
    "name": "АЛРОСА",
    "lot": 10
  },
  "DIAS": {
    "name": "Диасофт",
    "lot": 1
  },
  "TATN": {
    "name": "Татнефть",
    "lot": 1
  },
  "RTKM": {
    "name": "Ростелеком",
    "lot": 10
  },
  "PRMD": {
    "name": "Промомед",
    "lot": 1
  },
  "TGKN": {
    "name": "ТГК-14",
    "lot": 100000
  },
  "TRNFP": {
    "name": "Транснефть - привилегированные акции",
    "lot": 1
  },
  "RAGR": {
    "name": "РусАгро",
    "lot": 1
  },
  "GCHE": {
    "name": "Группа Черкизово",
    "lot": 1
  },
  "UWGN": {
    "name": "ОВК",
    "lot": 1
  },
  "SNGSP": {
    "name": "Сургутнефтегаз - привилегированные акции",
    "lot": 10
  },
  "NKNC": {
    "name": "Нижнекамскнефтехим",
    "lot": 10
  },
  "VRSB": {
    "name": "ТНС энерго Воронеж",
    "lot": 10
  },
  "MBNK": {
    "name": "МТС-Банк",
    "lot": 1
  },
  "MOEX": {
    "name": "Московская Биржа",
    "lot": 10
  },
  "KAZTP": {
    "name": "КуйбышевАзот - Акции привилегированные",
    "lot": 10
  },
  "SNGS": {
    "name": "Сургутнефтегаз",
    "lot": 100
  },
  "TGKBP": {
    "name": "ТГК-2 - акции привилегированные",
    "lot": 100000
  },
  "PIKK": {
    "name": "ПИК",
    "lot": 1
  },
  "ROSN": {
    "name": "Роснефть",
    "lot": 1
  },
  "EUTR": {
    "name": "ЕвроТранс",
    "lot": 1
  },
  "MRKU": {
    "name": "Россети Урал",
    "lot": 10000
  },
  "ENPG": {
    "name": "Эн+",
    "lot": 1
  },
  "T": {
    "name": "Т-Технологии",
    "lot": 1
  },
  "MRKV": {
    "name": "Россети Волга",
    "lot": 10000
  },
  "CNTL": {
    "name": "Центральный Телеграф",
    "lot": 100
  },
  "VSEH": {
    "name": "ВИ.РУ",
    "lot": 1
  },
  "SVAV": {
    "name": "СОЛЛЕРС",
    "lot": 1
  },
  "KMAZ": {
    "name": "КАМАЗ",
    "lot": 10
  },
  "KZOS": {
    "name": "Казаньоргсинтез - акции обыкновенные",
    "lot": 10
  },
  "ELFV": {
    "name": "ЭЛ5-Энерго",
    "lot": 1000
  },
  "HEAD": {
    "name": "Хэдхантер",
    "lot": 1
  },
  "SMLT": {
    "name": "ГК Самолет",
    "lot": 1
  },
  "SBER": {
    "name": "Сбер Банк",
    "lot": 1
  },
  "GECO": {
    "name": "Генетико",
    "lot": 10
  },
  "GAZP": {
    "name": "Газпром",
    "lot": 10
  },
  "BSPB": {
    "name": "Банк Санкт-Петербург",
    "lot": 10
  },
  "LSNG": {
    "name": "Россети Ленэнерго",
    "lot": 100
  },
  "RENI": {
    "name": "Ренессанс Страхование",
    "lot": 10
  },
  "POSI": {
    "name": "Группа Позитив",
    "lot": 1
  },
  "KROT": {
    "name": "Красный Октябрь",
    "lot": 10
  },
  "SIBN": {
    "name": "Газпром нефть",
    "lot": 1
  },
  "KLSB": {
    "name": "Калужская сбытовая компания",
    "lot": 100
  },
  "CHMK": {
    "name": "ЧМК",
    "lot": 1
  },
  "MRKZ": {
    "name": "Россети Северо-Запад",
    "lot": 10000
  },
  "APTK": {
    "name": "Аптечная сеть 36,6",
    "lot": 10
  },
  "HYDR": {
    "name": "РусГидро",
    "lot": 1000
  },
  "LNZLP": {
    "name": "Лензолото - привилегированные акции",
    "lot": 1
  },
  "SFIN": {
    "name": "ЭсЭфАй",
    "lot": 1
  },
  "RASP": {
    "name": "Распадская",
    "lot": 10
  },
  "GMKN": {
    "name": "Норильский никель",
    "lot": 10
  },
  "UPRO": {
    "name": "Юнипро",
    "lot": 1000
  },
  "MSNG": {
    "name": "Мосэнерго",
    "lot": 1000
  },
  "AFKS": {
    "name": "АФК Система",
    "lot": 100
  },
  "PLZL": {
    "name": "Полюс",
    "lot": 1
  },
  "LEAS": {
    "name": "Европлан",
    "lot": 1
  },
  "CNTLP": {
    "name": "Центральный Телеграф - акции привилегированные",
    "lot": 100
  },
  "LIFE": {
    "name": "Фармсинтез",
    "lot": 100
  },
  "DATA": {
    "name": "Группа Аренадата",
    "lot": 1
  },
  "IRKT": {
    "name": "Яковлев",
    "lot": 100
  },
  "TTLK": {
    "name": "Таттелеком",
    "lot": 1000
  },
  "SVCB": {
    "name": "Совкомбанк",
    "lot": 100
  },
  "GEMC": {
    "name": "United medical group",
    "lot": 1
  },
  "PHOR": {
    "name": "ФосАгро",
    "lot": 1
  },
  "HNFG": {
    "name": "HENDERSON",
    "lot": 1
  },
  "TATNP": {
    "name": "Татнефть - привилегированные акции",
    "lot": 1
  },
  "MAGN": {
    "name": "Магнитогорский металлургический комбинат",
    "lot": 10
  },
  "VTBR": {
    "name": "Банк ВТБ",
    "lot": 1
  },
  "BANEP": {
    "name": "Башнефть - привилегированные акции",
    "lot": 1
  },
  "MRKP": {
    "name": "Россети Центр и Приволжье",
    "lot": 10000
  },
  "FLOT": {
    "name": "Совкомфлот",
    "lot": 10
  },
  "ABIO": {
    "name": "Артген",
    "lot": 10
  },
  "DVEC": {
    "name": "ДЭК",
    "lot": 1000
  },
  "ZAYM": {
    "name": "МФК Займер",
    "lot": 10
  },
  "MTSS": {
    "name": "МТС",
    "lot": 10
  },
  "OZPH": {
    "name": "Озон Фармацевтика",
    "lot": 10
  },
  "FEES": {
    "name": "ФСК Россети",
    "lot": 10000
  },
  "PMSB": {
    "name": "Пермэнергосбыт",
    "lot": 10
  },
  "RBCM": {
    "name": "РБК",
    "lot": 100
  },
  "MSRS": {
    "name": "Россети Московский регион",
    "lot": 1000
  },
  "IRAO": {
    "name": "Интер РАО ЕЭС",
    "lot": 100
  },
  "NSVZ": {
    "name": "Наука-Связь",
    "lot": 10
  },
  "BLNG": {
    "name": "Белон",
    "lot": 100
  },
  "X5": {
    "name": "Корпоративный Центр Икс 5",
    "lot": 1
  },
  "NVTK": {
    "name": "НОВАТЭК",
    "lot": 1
  },
  "UNKL": {
    "name": "ЮУНК",
    "lot": 1
  },
  "AQUA": {
    "name": "ИНАРКТИКА",
    "lot": 1
  },
  "ROLO": {
    "name": "Русолово",
    "lot": 1000
  },
  "OGKB": {
    "name": "Вторая генерирующая компания оптового рынка электроэнергии",
    "lot": 1000
  },
  "CBOM": {
    "name": "МКБ",
    "lot": 100
  },
  "ABRD": {
    "name": "АбрауДюрсо",
    "lot": 10
  },
  "TRMK": {
    "name": "Трубная Металлургическая Компания",
    "lot": 10
  },
  "SOFL": {
    "name": "Софтлайн",
    "lot": 10
  },
  "KRKNP": {
    "name": "Саратовский НПЗ - акции привилегированные",
    "lot": 1
  },
  "CHMF": {
    "name": "Северсталь",
    "lot": 1
  },
  "NKNCP": {
    "name": "Нижнекамскнефтехим (привилегированные)",
    "lot": 10
  },
  "LSRG": {
    "name": "Группа ЛСР",
    "lot": 1
  },
  "RTKMP": {
    "name": "Ростелеком - Привилегированные акции",
    "lot": 10
  },
  "MGTSP": {
    "name": "МГТС - акции привилегированные",
    "lot": 1
  },
  "KLVZ": {
    "name": "Кристалл",
    "lot": 100
  },
  "YDEX": {
    "name": "Яндекс",
    "lot": 1
  },
  "BANE": {
    "name": "Башнефть",
    "lot": 1
  },
  "AFLT": {
    "name": "Аэрофлот",
    "lot": 10
  },
  "MVID": {
    "name": "М.Видео",
    "lot": 1
  },
  "PMSBP": {
    "name": "Пермэнергосбыт - акции привилегированные",
    "lot": 10
  },
  "MSTT": {
    "name": "Мостотрест",
    "lot": 10
  },
  "MTLR": {
    "name": "Мечел",
    "lot": 1
  },
  "IVAT": {
    "name": "IVA Technologies",
    "lot": 1
  },
  "AKRN": {
    "name": "Акрон",
    "lot": 1
  },
  "MDMG": {
    "name": "Мать и дитя",
    "lot": 1
  },
  "SBERP": {
    "name": "Сбер Банк - привилегированные акции",
    "lot": 1
  },
  "LENT": {
    "name": "Лента",
    "lot": 1
  },
  "ASTR": {
    "name": "Группа Астра",
    "lot": 1
  },
  "RKKE": {
    "name": "РКК Энергия им.С.П.Королева",
    "lot": 1
  },
  "MRKC": {
    "name": "Россети Центр",
    "lot": 1000
  },
  "KAZT": {
    "name": "КуйбышевАзот",
    "lot": 10
  },
  "YAKG": {
    "name": "ЯТЭК",
    "lot": 10
  },
  "TGKB": {
    "name": "ТГК-2",
    "lot": 1000000
  },
  "RNFT": {
    "name": "РуссНефть",
    "lot": 1
  },
  "GTRK": {
    "name": "ГТМ",
    "lot": 10
  },
  "NLMK": {
    "name": "НЛМК",
    "lot": 10
  },
  "BELU": {
    "name": "Novabev Group",
    "lot": 1
  },
  "FESH": {
    "name": "ДВМП",
    "lot": 10
  },
  "SGZH": {
    "name": "Сегежа",
    "lot": 100
  },
  "LSNGP": {
    "name": "Россети Ленэнерго - акции привилегированные",
    "lot": 10
  },
  "MRKS": {
    "name": "Россети Сибирь",
    "lot": 1000
  },
  "LKOH": {
    "name": "ЛУКОЙЛ",
    "lot": 1
  },
  "DELI": {
    "name": "Делимобиль",
    "lot": 1
  },
  "MGKL": {
    "name": "МГКЛ",
    "lot": 100
  },
  "NMTP": {
    "name": "НМТП",
    "lot": 100
  },
  "TGKA": {
    "name": "ТГК-1",
    "lot": 100000
  },
  "MTLRP": {
    "name": "Мечел - Привилегированные акции",
    "lot": 10
  },
  "MRKY": {
    "name": "Россети Юг",
    "lot": 10000
  }
}