[
  {
    "ticker": "SBER",
    "action": "buy",
    "amount": 10,
    "price": 304.84,
    "total": 3048.4
  },
  {
    "ticker": "SBER",
    "action": "buy",
    "amount": 10,
    "price": 311.93,
    "total": 3119.3
  },
  {
    "ticker": "EUTR",
    "action": "buy",
    "amount": 2,
    "price": 252.79,
    "total": 505.58
  },
  {
    "ticker": "EUTR",
    "action": "sell",
    "amount": "всё",
    "price": "n/a",
    "total": "n/a"
  },
  {
    "ticker": "EUTR",
    "action": "buy",
    "amount": 2,
    "price": 126.395,
    "total": 252.79
  }
]